t_start	duration_s	num_seqs	num_tokens
9528098.796658	0.551191	0	0
9528099.347895	0.012734	4	4
9528099.360774	0.001599	4	4
9528099.362423	0.002160	4	4
9528099.364636	0.002173	4	4
9528099.366859	0.002179	4	4
9528099.369085	0.002149	4	4
9528099.371275	0.002187	4	4
9528099.373505	0.002161	4	4
9528099.375712	0.002164	4	4
9528099.378013	0.002087	4	4
9528099.380143	0.002169	4	4
9528099.382355	0.002178	4	4
9528099.384574	0.002169	4	4
9528099.386790	0.002172	4	4
9528099.389010	0.002176	4	4
9528099.391226	0.002223	4	4
9528105.352758	0.015715	0	0
9528105.369262	0.025384	14	13
9528105.395324	0.030303	29	28
9528105.426391	0.027805	46	45
9528105.454974	0.020383	78	77
9528105.476180	0.023741	96	95
9528105.501907	0.018188	120	119
9528105.520247	0.026827	132	131
9528105.547197	0.019101	159	158
9528105.566429	0.017705	175	174
9528105.584268	0.018786	182	181
9528105.603192	0.002502	200	200
9528105.605834	0.003644	200	200
9528105.609619	0.003928	200	200
9528105.613684	0.003964	200	200
9528105.617784	0.003956	200	200
9528105.621879	0.003932	200	200
9528105.625948	0.004036	200	200
9528105.630128	0.004989	200	200
9528105.635312	0.002972	200	200
9528105.638429	0.003822	199	199
9528105.642389	0.003934	199	199
9528105.646463	0.003924	199	199
9528105.655671	0.004707	199	199
9528105.660674	0.004247	199	199
9528105.665256	0.002204	198	198
9528105.679813	0.002111	198	198
9528105.682077	0.003610	197	197
9528105.690546	0.003376	197	197
9528105.695048	0.004243	197	197
9528105.703675	0.003165	197	197
9528105.707100	0.004014	197	197
9528105.711364	0.002248	196	196
9528105.713751	0.003468	196	196
9528105.717359	0.003692	196	196
9528105.721852	0.002824	195	195
9528105.730367	0.002224	195	195
9528105.732733	0.003533	194	194
9528105.737194	0.002541	192	192
9528105.750960	0.002305	191	191
9528105.756429	0.002029	190	190
9528105.761526	0.002046	190	190
9528105.766551	0.002071	190	190
9528105.777322	0.002095	190	190
9528105.782626	0.002259	190	190
9528105.787969	0.002369	189	189
9528105.793466	0.002094	187	187
9528105.802063	0.002074	187	187
9528105.804275	0.003362	187	187
9528105.809510	0.002128	187	187
9528105.814951	0.002281	186	186
9528105.820320	0.002427	185	185
9528105.825704	0.002057	183	183
9528105.831278	0.002147	183	183
9528105.836797	0.002060	182	182
9528105.851222	0.002169	182	182
9528105.856515	0.002073	181	181
9528105.861804	0.002070	180	180
9528105.867255	0.002023	180	180
9528105.874284	0.002070	180	180
9528105.884284	0.002644	180	180
9528105.895115	0.002059	177	177
9528105.897308	0.003558	177	177
9528105.901578	0.002793	175	175
9528105.906939	0.002051	175	175
9528105.912123	0.002022	175	175
9528105.917336	0.002050	175	175
9528105.925695	0.002747	174	174
9528105.928684	0.003278	173	173
9528105.936065	0.003369	173	173
9528105.939669	0.003534	173	173
9528105.950227	0.003383	172	172
9528105.957923	0.003378	172	172
9528105.961541	0.003275	172	172
9528105.972038	0.002037	172	172
9528105.975940	0.001962	172	172
9528105.983153	0.002174	172	172
9528105.988224	0.002085	172	172
9528105.993028	0.002036	171	171
9528105.997996	0.002017	171	171
9528106.002666	0.002208	171	171
9528106.007546	0.001997	170	170
9528106.012376	0.001994	170	170
9528106.016908	0.002003	170	170
9528106.021711	0.002121	170	170
9528106.026606	0.002005	169	169
9528106.033141	0.002003	169	169
9528106.044927	0.002067	169	169
9528106.047227	0.003388	168	168
9528106.059403	0.002048	167	167
9528106.061583	0.003300	167	167
9528106.066528	0.002112	167	167
9528106.074714	0.002122	167	167
9528106.078568	0.002012	166	166
9528106.085085	0.002139	166	166
9528106.090618	0.001971	165	165
9528106.095805	0.002080	165	165
9528106.100925	0.001963	164	164
9528106.105703	0.002119	164	164
9528106.110450	0.001991	163	163
9528106.115359	0.001977	163	163
9528106.120493	0.001978	163	163
9528106.125652	0.002058	163	163
9528106.133440	0.003218	162	162
9528106.136825	0.003222	162	162
9528106.146970	0.001994	162	162
9528106.156344	0.001992	162	162
9528106.161507	0.002259	162	162
9528106.167638	0.002004	161	161
9528106.179059	0.001965	161	161
9528106.186474	0.002033	161	161
9528106.191827	0.002116	161	161
9528106.194378	0.002890	159	159
9528106.202841	0.002375	159	159
9528106.208368	0.002110	156	156
9528106.210953	0.002824	155	155
9528106.219651	0.001966	155	155
9528106.225074	0.001900	155	155
9528106.227109	0.003308	155	155
9528106.230541	0.003594	155	155
9528106.234267	0.003566	155	155
9528106.248055	0.001971	155	155
9528106.250152	0.003319	155	155
9528106.253596	0.003583	155	155
9528106.257305	0.003566	155	155
9528106.261011	0.003641	155	155
9528106.264778	0.003733	154	154
9528106.268641	0.004985	153	153
9528106.281753	0.002038	153	153
9528106.286232	0.001930	152	152
9528106.290421	0.002143	152	152
9528106.294707	0.001984	150	150
9528106.298843	0.002226	150	150
9528106.303172	0.001917	148	148
9528106.307534	0.001923	148	148
9528106.311701	0.002054	148	148
9528106.316207	0.002072	147	147
9528106.320754	0.001963	146	146
9528106.325031	0.001924	146	146
9528106.329480	0.001942	145	145
9528106.333595	0.001893	144	144
9528106.344052	0.001908	144	144
9528106.346095	0.003285	144	144
9528106.349500	0.003559	144	144
9528106.353180	0.003547	144	144
9528106.358446	0.001943	144	144
9528106.360514	0.005579	144	144
9528106.366221	0.001883	144	144
9528106.368225	0.003294	144	144
9528106.371651	0.003542	144	144
9528106.388936	0.001946	144	144
9528106.391015	0.003358	144	144
9528106.395467	0.002579	143	143
9528106.399793	0.001857	142	142
9528106.403986	0.002066	142	142
9528106.407981	0.001913	140	140
9528106.412023	0.001891	140	140
9528106.416093	0.001847	140	140
9528106.420356	0.001865	140	140
9528106.424321	0.001965	140	140
9528106.428422	0.002025	139	139
9528106.432544	0.001844	138	138
9528106.436967	0.002043	138	138
9528106.447038	0.002080	137	137
9528106.450038	0.002307	136	136
9528106.454581	0.001980	136	136
9528106.458771	0.001842	135	135
9528106.465627	0.001854	135	135
9528106.467598	0.003323	135	135
9528106.476123	0.002034	135	135
9528106.481952	0.001850	135	135
9528106.486534	0.001931	135	135
9528106.490859	0.001905	134	134
9528106.495256	0.001845	133	133
9528106.499867	0.001821	133	133
9528106.504102	0.001997	133	133
9528106.508464	0.001867	131	131
9528106.519000	0.001809	131	131
9528106.525930	0.001835	131	131
9528106.532077	0.002325	130	130
9528106.536781	0.001660	128	128
9528106.550580	0.001721	128	128
9528106.552416	0.002730	128	128
9528106.556680	0.001944	128	128
9528106.560653	0.001961	127	127
9528106.565220	0.001875	126	126
9528106.568658	0.001811	126	126
9528106.576024	0.002027	126	126
9528106.583460	0.001876	125	125
9528106.586741	0.001803	125	125
9528106.590675	0.001804	125	125
9528106.594403	0.001924	125	125
9528106.598093	0.001771	123	123
9528106.604511	0.001833	123	123
9528106.606459	0.002650	123	123
9528106.610542	0.001988	122	122
9528106.616551	0.002103	122	122
9528106.618778	0.002510	121	121
9528106.622455	0.001801	120	120
9528106.628395	0.001942	120	120
9528106.630454	0.002527	119	119
9528106.633114	0.002869	119	119
9528106.636954	0.002033	119	119
9528106.643152	0.003132	119	119
9528106.655185	0.001847	119	119
9528106.658667	0.001806	119	119
9528106.663997	0.001751	119	119
9528106.666569	0.001940	119	119
9528106.675539	0.001816	119	119
9528106.681839	0.001795	119	119
9528106.683750	0.002769	119	119
9528106.686634	0.002877	118	118
9528106.689631	0.002699	117	117
9528106.692443	0.002876	117	117
9528106.695430	0.002860	117	117
9528106.698399	0.002985	117	117
9528106.701503	0.002772	116	116
9528106.704382	0.002955	116	116
9528106.707447	0.002805	115	115
9528106.710359	0.002873	115	115
9528106.713341	0.002962	115	115
9528106.716411	0.002882	114	114
9528106.719411	0.002776	113	113
9528106.722292	0.002876	113	113
9528106.725275	0.002874	113	113
9528106.728254	0.002880	113	113
9528106.731243	0.002878	113	113
9528106.734228	0.002888	113	113
9528106.737224	0.005274	113	113
9528106.742613	0.001990	113	113
9528106.752490	0.001766	111	111
9528106.756597	0.001772	110	110
9528106.758478	0.002570	110	110
9528106.761644	0.002517	110	110
9528106.765284	0.001677	109	109
9528106.768394	0.001668	109	109
9528106.779035	0.001781	109	109
9528106.784030	0.001692	108	108
9528106.788710	0.001996	108	108
9528106.790820	0.002396	107	107
9528106.796395	0.001805	107	107
9528106.798515	0.002358	107	107
9528106.804933	0.001767	107	107
9528106.806800	0.002604	107	107
9528106.810385	0.002010	107	107
9528106.817754	0.001741	107	107
9528106.819596	0.002612	107	107
9528106.824421	0.001751	106	106
9528106.827921	0.001700	106	106
9528106.833425	0.001734	106	106
9528106.835260	0.002697	106	106
9528106.844699	0.004708	105	105
9528106.849521	0.002612	105	105
9528106.852229	0.002905	105	105
9528106.855235	0.002963	105	105
9528106.858295	0.002899	104	104
9528106.861292	0.002882	103	103
9528106.865588	0.001671	103	103
9528106.867356	0.002922	103	103
9528106.875709	0.001713	102	102
9528106.884541	0.001664	101	101
9528106.886603	0.002357	100	100
9528106.891244	0.001714	99	99
9528106.894537	0.001724	99	99
9528106.898417	0.001621	98	98
9528106.902082	0.001746	98	98
9528106.908127	0.001915	97	97
9528106.910145	0.002522	95	95
9528106.916156	0.001808	94	94
9528106.918072	0.002677	94	94
9528106.920846	0.002680	93	93
9528106.926220	0.001609	93	93
9528106.927937	0.002539	93	93
9528106.931042	0.002342	93	93
9528106.934056	0.002246	93	93
9528106.937128	0.002065	93	93
9528106.947309	0.001812	93	93
9528106.954774	0.001741	92	92
9528106.956609	0.002370	90	90
9528106.959823	0.002050	90	90
9528106.962685	0.002084	90	90
9528106.965249	0.002559	90	90
9528106.967922	0.002623	88	88
9528106.975560	0.001500	88	88
9528106.979023	0.001492	88	88
9528106.981459	0.001704	88	88
9528106.984019	0.002097	88	88
9528106.986723	0.002307	87	87
9528106.990927	0.001576	86	86
9528106.993994	0.001513	85	85
9528106.998813	0.001488	85	85
9528107.000386	0.002569	85	85
9528107.007150	0.001505	84	84
9528107.008745	0.002518	84	84
9528107.011350	0.002797	84	84
9528107.014585	0.002609	84	84
9528107.017641	0.002420	84	84
9528107.020635	0.002129	82	82
9528107.023545	0.002085	82	82
9528107.028071	0.001569	82	82
9528107.029731	0.002451	81	81
9528107.032268	0.002747	80	80
9528107.035102	0.002800	80	80
9528107.049041	0.001499	79	79
9528107.050784	0.002303	78	78
9528107.053186	0.002757	78	78
9528107.056036	0.002712	77	77
9528107.058830	0.002763	77	77
9528107.061678	0.002751	77	77
9528107.064511	0.002799	77	77
9528107.067395	0.002728	77	77
9528107.070206	0.002754	77	77
9528107.073055	0.002742	77	77
9528107.075879	0.002875	77	77
9528107.080065	0.001391	75	75
9528107.081543	0.002780	75	75
9528107.084405	0.002734	74	74
9528107.087219	0.002755	74	74
9528107.090064	0.002725	74	74
9528107.092870	0.002808	74	74
9528107.095760	0.002679	73	73
9528107.098520	0.002745	73	73
9528107.101345	0.002738	73	73
9528107.104166	0.003592	73	73
9528107.107898	0.001818	73	73
9528107.109802	0.002777	72	72
9528107.112659	0.002657	71	71
9528107.115397	0.002798	71	71
9528107.118442	0.002489	70	70
9528107.121020	0.002719	70	70
9528107.123818	0.002727	70	70
9528107.126627	0.003495	70	70
9528107.130324	0.001945	70	70
9528107.132360	0.002750	69	69
9528107.135191	0.002787	67	67
9528107.141075	0.001718	65	65
9528107.142874	0.002356	64	64
9528107.145308	0.002620	63	63
9528107.148015	0.002559	62	62
9528107.150650	0.002625	62	62
9528107.153349	0.002620	62	62
9528107.156050	0.002621	62	62
9528107.158746	0.002705	62	62
9528107.161526	0.002539	61	61
9528107.164139	0.002600	61	61
9528107.166814	0.002736	61	61
9528107.169625	0.004693	60	60
9528107.174392	0.001200	60	60
9528107.175665	0.002457	60	60
9528107.178196	0.002641	59	59
9528107.180911	0.002543	58	58
9528107.183527	0.002622	58	58
9528107.186222	0.002635	58	58
9528107.188929	0.002594	57	57
9528107.191595	0.002626	57	57
9528107.194293	0.002616	57	57
9528107.196981	0.002674	57	57
9528107.199730	0.002667	56	56
9528107.202472	0.002491	53	53
9528107.205045	0.002588	53	53
9528107.207704	0.002632	53	53
9528107.210408	0.002612	53	53
9528107.213092	0.002602	53	53
9528107.215764	0.002665	53	53
9528107.218501	0.002577	52	52
9528107.221152	0.002633	51	51
9528107.223857	0.002578	50	50
9528107.226507	0.002600	50	50
9528107.229178	0.002616	50	50
9528107.231865	0.002622	50	50
9528107.234558	0.002615	50	50
9528107.237244	0.002669	50	50
9528107.239986	0.002546	49	49
9528107.242601	0.002620	49	49
9528107.245291	0.002588	49	49
9528107.247949	0.002655	49	49
9528107.250676	0.002580	48	48
9528107.253325	0.002595	48	48
9528107.255990	0.002600	48	48
9528107.258661	0.002593	48	48
9528107.261324	0.002597	48	48
9528107.263990	0.002706	48	48
9528107.266767	0.002497	46	46
9528107.269337	0.002577	46	46
9528107.271981	0.002614	46	46
9528107.274663	0.002589	46	46
9528107.277320	0.002608	46	46
9528107.279996	0.002597	46	46
9528107.282661	0.002591	46	46
9528107.285322	0.002586	46	46
9528107.287977	0.002580	46	46
9528107.290627	0.002605	46	46
9528107.293300	0.002611	46	46
9528107.295983	0.002594	45	45
9528107.298646	0.002623	45	45
9528107.301337	0.002639	45	45
9528107.304053	0.002655	45	45
9528107.306777	0.002561	44	44
9528107.309407	0.002667	44	44
9528107.312144	0.002534	43	43
9528107.314746	0.002600	43	43
9528107.317413	0.002602	43	43
9528107.320082	0.002576	43	43
9528107.322726	0.002603	43	43
9528107.325396	0.002602	43	43
9528107.328075	0.002581	43	43
9528107.330724	0.002601	43	43
9528107.333391	0.002597	43	43
9528107.336065	0.002593	43	43
9528107.338726	0.002599	43	43
9528107.341390	0.002641	43	43
9528107.344098	0.002505	42	42
9528107.346670	0.002561	42	42
9528107.349300	0.002483	40	40
9528107.351849	0.002529	40	40
9528107.354444	0.002539	40	40
9528107.357058	0.002527	40	40
9528107.359651	0.002527	40	40
9528107.362244	0.002507	40	40
9528107.364817	0.002539	40	40
9528107.367422	0.002520	40	40
9528107.370017	0.002518	40	40
9528107.372597	0.002531	40	40
9528107.375191	0.002535	40	40
9528107.377791	0.002538	40	40
9528107.380397	0.002514	39	39
9528107.382975	0.002535	39	39
9528107.385574	0.002560	39	39
9528107.388201	0.002535	39	39
9528107.390802	0.002537	39	39
9528107.393404	0.002577	39	39
9528107.396059	0.002471	38	38
9528107.398596	0.002535	38	38
9528107.401195	0.002525	38	38
9528107.403786	0.002525	38	38
9528107.406377	0.002547	38	38
9528107.408991	0.002505	37	37
9528107.411560	0.002523	37	37
9528107.414148	0.002518	37	37
9528107.416730	0.002535	37	37
9528107.419330	0.002666	37	37
9528107.422074	0.002366	37	37
9528107.424512	0.002515	37	37
9528107.427092	0.002519	37	37
9528107.429681	0.002524	37	37
9528107.432271	0.002515	37	37
9528107.434852	0.002520	37	37
9528107.437436	0.002524	37	37
9528107.440030	0.002509	37	37
9528107.442603	0.002550	37	37
9528107.445216	0.002548	37	37
9528107.447831	0.002477	36	36
9528107.450370	0.002505	36	36
9528107.452935	0.002532	36	36
9528107.455530	0.002506	36	36
9528107.458097	0.002560	36	36
9528107.460723	0.002486	35	35
9528107.463273	0.002544	35	35
9528107.465881	0.002468	34	34
9528107.468413	0.002526	34	34
9528107.471049	0.002454	33	33
9528107.473562	0.002525	33	33
9528107.476147	0.002516	33	33
9528107.478727	0.002516	33	33
9528107.481303	0.002526	33	33
9528107.483890	0.002519	33	33
9528107.486471	0.002578	33	33
9528107.489112	0.002347	32	32
9528107.491518	0.002394	32	32
9528107.493971	0.002397	32	32
9528107.496429	0.002393	32	32
9528107.498881	0.002447	32	32
9528107.501391	0.002376	31	31
9528107.503829	0.002410	31	31
9528107.506299	0.002410	31	31
9528107.508770	0.002427	31	31
9528107.511258	0.002411	31	31
9528107.513729	0.002434	31	31
9528107.516224	0.002415	31	31
9528107.518700	0.002433	31	31
9528107.521195	0.002414	31	31
9528107.523669	0.002437	31	31
9528107.526166	0.002412	31	31
9528107.528640	0.002425	31	31
9528107.531126	0.002409	31	31
9528107.533597	0.002439	31	31
9528107.536098	0.002406	31	31
9528107.538565	0.002460	31	31
9528107.541083	0.002424	30	30
9528107.543565	0.002519	30	30
9528107.546145	0.002466	29	29
9528107.548670	0.002517	29	29
9528107.551247	0.002487	28	28
9528107.553800	0.002502	28	28
9528107.556360	0.002532	28	28
9528107.558955	0.002492	27	27
9528107.561505	0.002504	27	27
9528107.564068	0.002500	27	27
9528107.566627	0.002528	27	27
9528107.569214	0.002487	27	27
9528107.571758	0.002520	27	27
9528107.574334	0.002536	27	27
9528107.576932	0.002539	26	26
9528107.579527	0.002553	26	26
9528107.582137	0.002570	26	26
9528107.584764	0.002722	26	26
9528107.587546	0.002575	26	26
9528107.590180	0.002545	26	26
9528107.592785	0.002562	26	26
9528107.595407	0.002559	26	26
9528107.598033	0.002583	26	26
9528107.600677	0.002512	24	24
9528107.603246	0.002543	24	24
9528107.605846	0.002556	24	24
9528107.608459	0.002591	24	24
9528107.611107	0.002415	23	23
9528107.613583	0.002183	16	16
9528107.615821	0.002206	14	14
9528107.618080	0.002226	13	13
9528107.620357	0.002237	11	11
9528107.622646	0.001924	6	6
9528107.624619	0.001826	2	2
9528107.626493	0.001668	1	1
9528113.656407	0.006643	0	0
9528113.666016	0.023070	4	4
9528113.689882	0.025484	29	28
9528113.717035	0.020736	58	57
9528113.737867	0.023365	77	76
9528113.761324	0.017820	102	101
9528113.779248	0.021336	109	108
9528113.800704	0.020550	129	128
9528113.821380	0.019119	144	143
9528113.840637	0.019994	151	150
9528113.860770	0.020306	165	164
9528113.881212	0.020720	181	180
9528113.902098	0.002170	200	200
9528113.904411	0.003950	200	200
9528113.908501	0.004282	200	200
9528113.912925	0.004288	200	200
9528113.917368	0.004262	200	200
9528113.921770	0.004291	200	200
9528113.926200	0.004317	200	200
9528113.930659	0.004268	200	200
9528113.935076	0.003695	200	200
9528113.938914	0.003554	200	200
9528113.942608	0.003532	200	200
9528113.946279	0.003552	200	200
9528113.955266	0.002380	200	200
9528113.957790	0.003059	199	199
9528113.967877	0.002298	199	199
9528113.975530	0.002116	198	198
9528113.983015	0.002103	198	198
9528113.985260	0.003444	198	198
9528113.989509	0.002705	198	198
9528113.994797	0.002146	198	198
9528114.009806	0.002151	198	198
9528114.013343	0.002055	198	198
9528114.025156	0.002392	198	198
9528114.035544	0.002230	197	197
9528114.044052	0.002410	197	197
9528114.046602	0.003153	195	195
9528114.051342	0.003240	194	194
9528114.054820	0.003453	193	193
9528114.058504	0.003414	193	193
9528114.062159	0.004267	193	193
9528114.066792	0.002711	190	190
9528114.079163	0.002091	190	190
9528114.089402	0.002480	189	189
9528114.092031	0.003108	189	189
9528114.100401	0.002492	189	189
9528114.108621	0.002409	187	187
9528114.115429	0.002159	186	186
9528114.121530	0.002119	184	184
9528114.128676	0.002206	184	184
9528114.135429	0.002130	183	183
9528114.150073	0.002300	183	183
9528114.156874	0.002111	182	182
9528114.162543	0.002053	182	182
9528114.168209	0.002187	182	182
9528114.179743	0.002221	180	180
9528114.182109	0.003182	179	179
9528114.186682	0.002298	179	179
9528114.192571	0.002445	179	179
9528114.201171	0.002326	178	178
9528114.203644	0.003087	177	177
9528114.208089	0.002683	177	177
9528114.217412	0.002058	175	175
9528114.224852	0.002120	175	175
9528114.227117	0.003258	175	175
9528114.232359	0.002037	175	175
9528114.241071	0.002250	175	175
9528114.247035	0.002080	174	174
9528114.249856	0.002669	174	174
9528114.255372	0.002155	174	174
9528114.265908	0.002081	174	174
9528114.268132	0.005231	174	174
9528114.279225	0.002052	173	173
9528114.284267	0.002242	173	173
9528114.289045	0.002101	172	172
9528114.299222	0.002433	172	172
9528114.301800	0.003070	171	171
9528114.309124	0.002102	171	171
9528114.311358	0.003284	171	171
9528114.319328	0.002115	171	171
9528114.321578	0.003286	171	171
9528114.329659	0.002084	171	171
9528114.331883	0.005023	171	171
9528114.337058	0.003588	171	171
9528114.353983	0.002494	169	169
9528114.356625	0.003162	169	169
9528114.361391	0.002115	169	169
9528114.371448	0.002062	169	169
9528114.377036	0.002236	169	169
9528114.379406	0.003170	168	168
9528114.384694	0.001990	167	167
9528114.392089	0.002329	167	167
9528114.397775	0.002320	167	167
9528114.406079	0.002303	165	165
9528114.408775	0.002794	164	164
9528114.412508	0.002787	164	164
9528114.418861	0.002192	164	164
9528114.425907	0.002211	164	164
9528114.428249	0.003172	163	163
9528114.431552	0.003588	163	163
9528114.439581	0.002035	163	163
9528114.449049	0.002010	163	163
9528114.451188	0.003319	163	163
9528114.454635	0.003595	163	163
9528114.458359	0.003572	163	163
9528114.462067	0.004474	163	163
9528114.466720	0.002686	163	163
9528114.469542	0.005221	163	163
9528114.478620	0.002223	162	162
9528114.482093	0.002182	160	160
9528114.485573	0.002190	158	158
9528114.488967	0.002534	158	158
9528114.492373	0.002863	158	158
9528114.502722	0.002327	158	158
9528114.505181	0.003138	157	157
9528114.509029	0.002938	156	156
9528114.517923	0.002014	156	156
9528114.520075	0.003317	156	156
9528114.523518	0.003768	156	156
9528114.527411	0.003384	155	155
9528114.530930	0.003581	155	155
9528114.535618	0.002617	155	155
9528114.538374	0.003591	155	155
9528114.542126	0.003511	154	154
9528114.551877	0.001983	154	154
9528114.556796	0.002070	154	154
9528114.561076	0.002210	153	153
9528114.565061	0.001958	151	151
9528114.572866	0.001944	151	151
9528114.581881	0.001930	151	151
9528114.588188	0.001979	151	151
9528114.593400	0.002203	151	151
9528114.598830	0.002148	148	148
9528114.606922	0.002011	148	148
9528114.609075	0.003442	148	148
9528114.615574	0.001933	147	147
9528114.617634	0.003308	147	147
9528114.621080	0.003563	147	147
9528114.628404	0.002151	147	147
9528114.632353	0.001920	146	146
9528114.634400	0.003306	146	146
9528114.642084	0.003283	146	146
9528114.645571	0.003173	146	146
9528114.651910	0.003502	146	146
9528114.658628	0.003281	145	145
9528114.662132	0.003438	145	145
9528114.666323	0.003166	144	144
9528114.669690	0.002765	144	144
9528114.674954	0.001976	144	144
9528114.678778	0.001954	143	143
9528114.682529	0.001952	142	142
9528114.691689	0.001995	142	142
9528114.693804	0.003267	142	142
9528114.697213	0.003659	142	142
9528114.701928	0.002527	141	141
9528114.706750	0.001988	141	141
9528114.710924	0.001963	141	141
9528114.714773	0.001984	141	141
9528114.718646	0.001965	141	141
9528114.723070	0.002183	141	141
9528114.727981	0.002196	139	139
9528114.735256	0.001904	137	137
9528114.737278	0.003474	137	137
9528114.749772	0.002914	136	136
9528114.752810	0.003041	135	135
9528114.760563	0.002475	135	135
9528114.763236	0.003085	135	135
9528114.766517	0.003480	135	135
9528114.770203	0.003563	135	135
9528114.779123	0.003147	134	134
9528114.783058	0.002259	133	133
9528114.787455	0.001859	132	132
9528114.792510	0.001970	132	132
9528114.798993	0.002266	132	132
9528114.807458	0.001889	132	132
9528114.809463	0.003519	132	132
9528114.815868	0.001980	132	132
9528114.823977	0.001922	130	130
9528114.829110	0.002042	130	130
9528114.835630	0.001979	128	128
9528114.841829	0.001877	127	127
9528114.845225	0.001839	127	127
9528114.847177	0.002778	127	127
9528114.850721	0.002307	127	127
9528114.857082	0.001852	127	127
9528114.859059	0.002755	127	127
9528114.862327	0.002333	126	126
9528114.866760	0.001867	126	126
9528114.870285	0.001791	125	125
9528114.875035	0.001795	125	125
9528114.878145	0.001782	125	125
9528114.882158	0.001953	125	125
9528114.885705	0.001880	124	124
9528114.889731	0.001817	123	123
9528114.893328	0.001943	122	122
9528114.896916	0.001754	121	121
9528114.901309	0.002010	121	121
9528114.905039	0.001804	121	121
9528114.911074	0.002017	121	121
9528114.913203	0.002446	120	120
9528114.916550	0.002156	120	120
9528114.920157	0.001810	119	119
9528114.923964	0.001726	119	119
9528114.928075	0.001807	119	119
9528114.932298	0.001867	119	119
9528114.935950	0.001792	119	119
9528114.943588	0.001898	119	119
9528114.945596	0.002502	118	118
9528114.950586	0.001778	118	118
9528114.954217	0.001926	118	118
9528114.957603	0.001758	117	117
9528114.960888	0.001768	117	117
9528114.964132	0.001717	117	117
9528114.969464	0.001771	117	117
9528114.978760	0.001784	117	117
9528114.981945	0.001825	116	116
9528114.990179	0.001902	115	115
9528114.992193	0.002503	114	114
9528114.994805	0.002724	113	113
9528115.000559	0.001998	113	113
9528115.002664	0.002309	113	113
9528115.006878	0.001749	113	113
9528115.008734	0.002538	113	113
9528115.011378	0.002813	113	113
9528115.017878	0.001767	113	113
9528115.021481	0.001775	113	113
9528115.027748	0.001792	113	113
9528115.029645	0.002515	113	113
9528115.034965	0.001865	113	113
9528115.043478	0.001985	112	112
9528115.048731	0.001753	110	110
9528115.053041	0.001701	110	110
9528115.058704	0.001735	110	110
9528115.060544	0.002763	110	110
9528115.063445	0.002544	108	108
9528115.066841	0.002062	108	108
9528115.075026	0.001733	108	108
9528115.081208	0.003157	108	108
9528115.084527	0.002380	108	108
9528115.088376	0.001680	107	107
9528115.092955	0.001731	107	107
9528115.096558	0.001787	107	107
9528115.100457	0.001794	107	107
9528115.103748	0.001896	107	107
9528115.107205	0.001710	107	107
9528115.110652	0.001748	107	107
9528115.114266	0.001754	107	107
9528115.118119	0.001723	107	107
9528115.121813	0.001757	107	107
9528115.127118	0.001722	107	107
9528115.128936	0.002732	107	107
9528115.132125	0.002481	106	106
9528115.135216	0.002236	105	105
9528115.144040	0.001871	105	105
9528115.148802	0.001784	104	104
9528115.154692	0.001726	103	103
9528115.157761	0.001694	103	103
9528115.160973	0.001721	103	103
9528115.172060	0.001693	103	103
9528115.176071	0.001876	103	103
9528115.178062	0.003828	100	100
9528115.182106	0.002116	100	100
9528115.184325	0.002410	98	98
9528115.187519	0.002065	97	97
9528115.194090	0.001647	97	97
9528115.199020	0.002228	97	97
9528115.204143	0.002546	95	95
9528115.206790	0.002077	94	94
9528115.209169	0.002603	94	94
9528115.212932	0.001772	94	94
9528115.215862	0.001757	94	94
9528115.218744	0.001881	94	94
9528115.222072	0.001600	93	93
9528115.230059	0.001986	92	92
9528115.232157	0.002448	92	92
9528115.234706	0.002824	92	92
9528115.237623	0.002794	92	92
9528115.245500	0.001778	92	92
9528115.251832	0.001604	90	90
9528115.254663	0.001532	90	90
9528115.257250	0.001795	90	90
9528115.259799	0.002023	89	89
9528115.263840	0.001744	89	89
9528115.265691	0.002479	89	89
9528115.268264	0.005182	89	89
9528115.277175	0.001659	89	89
9528115.278925	0.002548	88	88
9528115.282354	0.002035	87	87
9528115.287053	0.001553	86	86
9528115.288697	0.002538	86	86
9528115.293038	0.001524	86	86
9528115.294653	0.002551	86	86
9528115.297291	0.002752	85	85
9528115.300132	0.002840	85	85
9528115.303069	0.002777	84	84
9528115.305944	0.002975	84	84
9528115.309019	0.002522	81	81
9528115.311630	0.002757	81	81
9528115.314472	0.002792	81	81
9528115.317351	0.002828	81	81
9528115.320266	0.002698	79	79
9528115.323099	0.002712	79	79
9528115.325896	0.002763	79	79
9528115.328744	0.002765	79	79
9528115.331592	0.002773	79	79
9528115.334450	0.002795	79	79
9528115.337329	0.002826	78	78
9528115.340240	0.002637	77	77
9528115.342958	0.002764	77	77
9528115.345807	0.002825	77	77
9528115.348716	0.002693	76	76
9528115.351494	0.002717	75	75
9528115.354294	0.002729	75	75
9528115.357103	0.002746	75	75
9528115.359931	0.002721	75	75
9528115.362733	0.002744	75	75
9528115.365559	0.002721	75	75
9528115.368362	0.005733	75	75
9528115.374179	0.001395	75	75
9528115.375656	0.002493	75	75
9528115.378231	0.002728	75	75
9528115.381049	0.002871	75	75
9528115.384009	0.002681	73	73
9528115.386775	0.002630	72	72
9528115.389486	0.002725	72	72
9528115.392292	0.002702	72	72
9528115.395081	0.002771	72	72
9528115.397933	0.002690	71	71
9528115.400703	0.002750	71	71
9528115.403532	0.002869	71	71
9528115.406483	0.002764	69	69
9528115.409326	0.002555	67	67
9528115.411960	0.002680	66	66
9528115.414717	0.002717	66	66
9528115.417513	0.002700	65	65
9528115.420290	0.002692	65	65
9528115.423066	0.002845	65	65
9528115.425994	0.002481	63	63
9528115.428552	0.002718	63	63
9528115.431346	0.002525	62	62
9528115.433949	0.002620	62	62
9528115.436644	0.002651	62	62
9528115.439370	0.002722	62	62
9528115.442168	0.002540	61	61
9528115.444785	0.002699	61	61
9528115.447559	0.002650	59	59
9528115.450284	0.002531	58	58
9528115.452888	0.002620	58	58
9528115.455580	0.002635	58	58
9528115.458287	0.002618	58	58
9528115.460978	0.002635	58	58
9528115.463686	0.002635	58	58
9528115.466394	0.002723	58	58
9528115.469191	0.002565	55	55
9528115.471831	0.002619	55	55
9528115.474522	0.002639	55	55
9528115.477233	0.002704	55	55
9528115.480025	0.002502	53	53
9528115.482597	0.002625	53	53
9528115.485294	0.002501	52	52
9528115.487865	0.002570	52	52
9528115.490505	0.002579	52	52
9528115.493154	0.002554	52	52
9528115.495777	0.002576	52	52
9528115.498423	0.002600	52	52
9528115.501093	0.002561	51	51
9528115.503724	0.002621	51	51
9528115.506416	0.002520	50	50
9528115.509013	0.002554	50	50
9528115.511635	0.002603	50	50
9528115.514306	0.002559	50	50
9528115.516933	0.002660	50	50
9528115.519662	0.002512	49	49
9528115.522243	0.002559	49	49
9528115.524871	0.002612	49	49
9528115.527551	0.002546	48	48
9528115.530168	0.002548	48	48
9528115.532787	0.002566	48	48
9528115.535423	0.002560	48	48
9528115.538061	0.002550	48	48
9528115.540677	0.002585	48	48
9528115.543335	0.002684	48	48
9528115.546089	0.002475	46	46
9528115.548633	0.002608	46	46
9528115.551308	0.002606	46	46
9528115.553980	0.002605	46	46
9528115.556652	0.003181	46	46
9528115.559949	0.001991	46	46
9528115.562012	0.002589	46	46
9528115.564670	0.002611	46	46
9528115.567350	0.002597	46	46
9528115.570026	0.002571	46	46
9528115.572664	0.002666	46	46
9528115.575400	0.002553	45	45
9528115.578034	0.002506	44	44
9528115.580608	0.002557	44	44
9528115.583234	0.002546	44	44
9528115.585848	0.002553	44	44
9528115.588469	0.002602	44	44
9528115.591140	0.002478	43	43
9528115.593686	0.002550	43	43
9528115.596302	0.002533	43	43
9528115.598902	0.002553	43	43
9528115.601522	0.002573	43	43
9528115.604161	0.002556	43	43
9528115.606784	0.002549	43	43
9528115.609400	0.002565	43	43
9528115.612038	0.002513	42	42
9528115.614617	0.002524	42	42
9528115.617207	0.002537	42	42
9528115.619812	0.002535	42	42
9528115.622413	0.002527	42	42
9528115.625011	0.002533	42	42
9528115.627611	0.002557	42	42
9528115.630234	0.002530	42	42
9528115.632830	0.002543	42	42
9528115.635439	0.002549	42	42
9528115.638064	0.002530	42	42
9528115.640658	0.002662	42	42
9528115.643392	0.002419	40	40
9528115.645874	0.002530	40	40
9528115.648469	0.002528	40	40
9528115.651072	0.002531	40	40
9528115.653668	0.002541	40	40
9528115.656275	0.002537	40	40
9528115.658877	0.002576	40	40
9528115.661520	0.002514	39	39
9528115.664099	0.002528	39	39
9528115.666693	0.002533	39	39
9528115.669291	0.002514	39	39
9528115.671868	0.002593	39	39
9528115.674526	0.002469	38	38
9528115.677077	0.002514	38	38
9528115.679656	0.002542	38	38
9528115.682261	0.002530	38	38
9528115.684856	0.002522	38	38
9528115.687442	0.002540	38	38
9528115.690055	0.002524	38	38
9528115.692644	0.002532	38	38
9528115.695240	0.002518	38	38
9528115.697822	0.002528	38	38
9528115.700415	0.002584	38	38
9528115.703074	0.002465	37	37
9528115.705604	0.002526	37	37
9528115.708195	0.002526	37	37
9528115.710785	0.002514	37	37
9528115.713363	0.002530	37	37
9528115.715956	0.002542	37	37
9528115.718564	0.002522	36	36
9528115.721149	0.002511	36	36
9528115.723722	0.002536	36	36
9528115.726322	0.002490	35	35
9528115.728875	0.002529	35	35
9528115.731466	0.002513	35	35
9528115.734051	0.002516	35	35
9528115.736630	0.002525	35	35
9528115.739218	0.002499	35	35
9528115.741777	0.002575	35	35
9528115.744417	0.002486	34	34
9528115.746968	0.002518	34	34
9528115.749550	0.002553	34	34
9528115.752167	0.002487	33	33
9528115.754717	0.002535	33	33
9528115.757316	0.002452	32	32
9528115.759830	0.002498	32	32
9528115.762390	0.002507	32	32
9528115.764958	0.002511	32	32
9528115.767530	0.002523	32	32
9528115.770114	0.002480	32	32
9528115.772656	0.002517	32	32
9528115.775234	0.002503	32	32
9528115.777797	0.002513	32	32
9528115.780371	0.002571	32	32
9528115.783017	0.002462	31	31
9528115.785540	0.002535	31	31
9528115.788138	0.002532	31	31
9528115.790731	0.002524	31	31
9528115.793316	0.002532	31	31
9528115.795909	0.002539	31	31
9528115.798509	0.002537	31	31
9528115.801108	0.002525	31	31
9528115.803699	0.002525	31	31
9528115.806285	0.002536	31	31
9528115.808881	0.002525	31	31
9528115.811468	0.002556	31	31
9528115.814085	0.002545	31	31
9528115.816707	0.002460	30	30
9528115.819228	0.002473	30	30
9528115.821763	0.002427	29	29
9528115.824251	0.002448	29	29
9528115.826759	0.002470	29	29
9528115.829289	0.002546	29	29
9528115.831897	0.002455	27	27
9528115.834411	0.002467	27	27
9528115.836937	0.002480	27	27
9528115.839476	0.002485	27	27
9528115.842028	0.002475	27	27
9528115.844560	0.002639	27	27
9528115.847260	0.002485	27	27
9528115.849804	0.002484	27	27
9528115.852347	0.002486	27	27
9528115.854892	0.002486	27	27
9528115.857437	0.002489	27	27
9528115.859985	0.002485	27	27
9528115.862529	0.002533	27	27
9528115.865122	0.002448	26	26
9528115.867628	0.002473	26	26
9528115.870160	0.002480	26	26
9528115.872698	0.002483	26	26
9528115.875237	0.002483	26	26
9528115.877775	0.002495	26	26
9528115.880330	0.002506	26	26
9528115.882896	0.002504	25	25
9528115.885460	0.002474	23	23
9528115.887992	0.002489	21	21
9528115.890536	0.002392	17	17
9528115.892980	0.002182	11	11
9528115.895213	0.002058	9	9
9528115.897322	0.002258	7	7
9528115.899725	0.001491	5	5
9528115.901267	0.001859	4	4
9528115.903176	0.001900	3	3
9528115.905124	0.001672	1	1
9528121.559326	0.006511	0	0
9528121.565856	0.000547	2	2
9528121.566475	0.003593	2	2
9528121.570178	0.000570	2	2
9528121.570788	0.002173	2	2
9528121.573018	0.002157	2	2
9528121.575220	0.002155	2	2
9528121.577414	0.002169	2	2
9528121.579622	0.002178	2	2
9528121.581840	0.002181	2	2
9528121.584067	0.002159	2	2
9528121.586287	0.002128	2	2
9528121.588544	0.002155	2	2
9528121.590753	0.002155	2	2
9528121.593040	0.002081	2	2
9528121.595176	0.002159	2	2
9528121.598379	0.026153	2	2
9528121.626807	0.027881	28	27
9528121.656432	0.023428	45	44
9528121.680812	0.020200	70	69
9528121.701210	0.024254	86	85
9528121.725561	0.019775	112	111
9528121.745447	0.021322	125	124
9528121.766884	0.017980	146	145
9528121.784986	0.017727	151	150
9528121.802838	0.020694	166	165
9528121.823663	0.017148	185	184
9528121.840949	0.002072	200	200
9528121.843160	0.003251	200	200
9528121.846549	0.003547	200	200
9528121.850235	0.003512	200	200
9528121.853883	0.003558	200	200
9528121.857578	0.003548	200	200
9528121.861265	0.003589	200	200
9528121.864999	0.003495	199	199
9528121.868632	0.003549	199	199
9528121.888296	0.002112	199	199
9528121.890547	0.003261	199	199
9528121.900876	0.002114	199	199
9528121.903136	0.003254	199	199
9528121.915420	0.002127	199	199
9528121.917685	0.003493	199	199
9528121.928543	0.002610	198	198
9528121.931294	0.003233	198	198
9528121.941697	0.003791	198	198
9528121.945726	0.003445	197	197
9528121.949587	0.003413	197	197
9528121.959080	0.004357	197	197
9528121.963766	0.002925	197	197
9528121.966838	0.003119	197	197
9528121.970107	0.003691	197	197
9528121.973942	0.003402	196	196
9528121.977486	0.003687	196	196
9528121.982982	0.002495	195	195
9528121.990192	0.002216	193	193
9528121.995428	0.002135	193	193
9528122.004920	0.002642	193	193
9528122.007704	0.002780	190	190
9528122.011993	0.002204	190	190
9528122.017690	0.002178	190	190
9528122.023418	0.002219	190	190
9528122.033214	0.002536	189	189
9528122.035890	0.003002	187	187
9528122.055819	0.002100	186	186
9528122.058064	0.003265	186	186
9528122.066355	0.002141	186	186
9528122.068634	0.003235	185	185
9528122.080189	0.004079	185	185
9528122.088355	0.002269	183	183
9528122.090771	0.003156	182	182
9528122.095741	0.002184	182	182
9528122.100804	0.002833	181	181
9528122.106119	0.002870	180	180
9528122.114503	0.002282	180	180
9528122.116923	0.003219	179	179
9528122.121086	0.002685	178	178
9528122.126391	0.002308	178	178
9528122.131560	0.002252	177	177
9528122.141058	0.002142	177	177
9528122.144089	0.002583	176	176
9528122.154571	0.002086	175	175
9528122.159121	0.002142	175	175
9528122.161406	0.003346	175	175
9528122.165320	0.003115	174	174
9528122.184843	0.002097	174	174
9528122.187087	0.003421	174	174
9528122.190644	0.003490	173	173
9528122.197980	0.002028	173	173
9528122.200143	0.003303	173	173
9528122.203727	0.003620	173	173
9528122.210761	0.002005	172	172
9528122.212899	0.003332	172	172
9528122.220984	0.001976	172	172
9528122.223098	0.003331	172	172
9528122.229992	0.002168	172	172
9528122.232290	0.003144	171	171
9528122.236111	0.003036	171	171
9528122.243630	0.002018	171	171
9528122.251579	0.002418	171	171
9528122.254139	0.003317	171	171
9528122.257744	0.003337	170	170
9528122.262055	0.002634	169	169
9528122.273736	0.002037	169	169
9528122.277829	0.002009	169	169
9528122.288149	0.002307	169	169
9528122.290588	0.003044	168	168
9528122.294444	0.002904	168	168
9528122.298761	0.002446	168	168
9528122.310260	0.002105	167	167
9528122.312498	0.003411	165	165
9528122.319691	0.002169	164	164
9528122.321991	0.003129	163	163
9528122.325248	0.003582	163	163
9528122.329657	0.002910	163	163
9528122.333890	0.002400	163	163
9528122.338110	0.002926	163	163
9528122.351418	0.002163	163	163
9528122.357250	0.003369	163	163
9528122.360758	0.003054	163	163
9528122.364052	0.003494	163	163
9528122.371555	0.002011	163	163
9528122.373698	0.003301	163	163
9528122.383356	0.002050	163	163
9528122.385538	0.003615	163	163
9528122.392613	0.002305	161	161
9528122.395057	0.003040	159	159
9528122.398227	0.003580	159	159
9528122.401938	0.003593	159	159
9528122.405661	0.003587	159	159
9528122.409451	0.003894	159	159
9528122.413477	0.003221	157	157
9528122.417083	0.003453	157	157
9528122.421226	0.002939	156	156
9528122.425348	0.002747	156	156
9528122.428224	0.003425	155	155
9528122.431776	0.003606	155	155
9528122.435510	0.004175	155	155
9528122.439812	0.003011	155	155
9528122.442949	0.003598	155	155
9528122.446673	0.003588	155	155
9528122.450385	0.003597	155	155
9528122.454118	0.003604	155	155
9528122.457851	0.003974	155	155
9528122.461955	0.003203	151	151
9528122.465283	0.003608	151	151
9528122.472032	0.001961	151	151
9528122.475119	0.002454	151	151
9528122.485255	0.001972	150	150
9528122.487353	0.003312	150	150
9528122.490791	0.003605	150	150
9528122.494519	0.003768	150	150
9528122.498413	0.003570	149	149
9528122.502115	0.003521	148	148
9528122.505759	0.003476	147	147
9528122.509358	0.003770	147	147
9528122.513253	0.003417	146	146
9528122.516792	0.003575	146	146
9528122.520488	0.003691	146	146
9528122.524301	0.003491	145	145
9528122.527914	0.003599	145	145
9528122.534504	0.001911	145	145
9528122.536539	0.003493	145	145
9528122.552285	0.001901	144	144
9528122.554308	0.003302	144	144
9528122.557732	0.003802	144	144
9528122.561776	0.003439	143	143
9528122.568384	0.001909	142	142
9528122.576056	0.001911	142	142
9528122.581800	0.001950	142	142
9528122.587679	0.002008	142	142
9528122.589810	0.003228	141	141
9528122.593160	0.003542	140	140
9528122.600431	0.001876	140	140
9528122.602427	0.003388	140	140
9528122.609521	0.001905	139	139
9528122.611546	0.003276	139	139
9528122.615337	0.003366	139	139
9528122.619697	0.002531	138	138
9528122.626129	0.002048	138	138
9528122.629760	0.002017	137	137
9528122.631901	0.003313	136	136
9528122.637046	0.001859	135	135
9528122.641241	0.001858	135	135
9528122.643219	0.005313	135	135
9528122.653784	0.001866	135	135
9528122.657057	0.002004	134	134
9528122.661706	0.002087	134	134
9528122.664101	0.003121	134	134
9528122.670201	0.001867	134	134
9528122.672184	0.003664	134	134
9528122.683566	0.001914	131	131
9528122.688818	0.001857	131	131
9528122.696030	0.001896	131	131
9528122.698050	0.003319	131	131
9528122.704807	0.001936	130	130
9528122.709501	0.001848	129	129
9528122.711549	0.002520	128	128
9528122.715660	0.001783	127	127
9528122.720112	0.001845	127	127
9528122.727533	0.001823	127	127
9528122.729469	0.002815	127	127
9528122.733474	0.001778	126	126
9528122.737741	0.001799	126	126
9528122.749044	0.001777	126	126
9528122.751749	0.001904	126	126
9528122.756726	0.001827	125	125
9528122.760100	0.001830	125	125
9528122.763807	0.001928	124	124
9528122.767170	0.001881	124	124
9528122.777690	0.001866	123	123
9528122.785117	0.001836	122	122
9528122.787082	0.002583	122	122
9528122.789777	0.002868	122	122
9528122.792757	0.002977	122	122
9528122.795845	0.002908	121	121
9528122.798863	0.003249	120	120
9528122.802256	0.002457	120	120
9528122.804826	0.002947	120	120
9528122.807884	0.002800	119	119
9528122.810797	0.002887	119	119
9528122.813794	0.002925	119	119
9528122.816831	0.002824	118	118
9528122.819763	0.002878	118	118
9528122.822750	0.002884	118	118
9528122.825817	0.002931	118	118
9528122.829008	0.002586	117	117
9528122.832029	0.002555	117	117
9528122.835121	0.002376	116	116
9528122.848419	0.001765	116	116
9528122.850295	0.003211	116	116
9528122.853615	0.002149	115	115
9528122.855871	0.002788	115	115
9528122.858763	0.002792	115	115
9528122.861661	0.003012	115	115
9528122.864777	0.002612	114	114
9528122.867495	0.002809	114	114
9528122.870408	0.002922	114	114
9528122.873437	0.002706	113	113
9528122.876247	0.002839	113	113
9528122.882383	0.001774	112	112
9528122.884264	0.002512	112	112
9528122.886985	0.002697	112	112
9528122.890276	0.002312	112	112
9528122.893440	0.002075	112	112
9528122.896507	0.001947	112	112
9528122.899409	0.002120	112	112
9528122.902510	0.001837	111	111
9528122.907369	0.001751	110	110
9528122.909225	0.002510	110	110
9528122.911909	0.002881	110	110
9528122.914892	0.002641	109	109
9528122.917633	0.002788	109	109
9528122.920517	0.002908	109	109
9528122.923525	0.002776	108	108
9528122.926397	0.002774	107	107
9528122.929270	0.002873	107	107
9528122.932239	0.002871	107	107
9528122.935209	0.002880	107	107
9528122.938185	0.002886	107	107
9528122.944707	0.001766	107	107
9528122.949428	0.001722	107	107
9528122.951247	0.002644	107	107
9528122.953987	0.002855	106	106
9528122.956948	0.002867	106	106
9528122.959910	0.002881	106	106
9528122.962889	0.002972	106	106
9528122.965956	0.002758	105	105
9528122.968812	0.002804	105	105
9528122.975735	0.001730	105	105
9528122.980638	0.001740	105	105
9528122.983337	0.001747	105	105
9528122.986080	0.001835	104	104
9528122.990718	0.001729	104	104
9528122.992545	0.002512	104	104
9528122.996440	0.001836	104	104
9528122.998375	0.002623	101	101
9528123.001100	0.002715	100	100
9528123.003910	0.002822	100	100
9528123.006824	0.002881	100	100
9528123.009802	0.002918	100	100
9528123.012854	0.002743	98	98
9528123.015694	0.002880	97	97
9528123.018666	0.002823	96	96
9528123.021582	0.002850	95	95
9528123.024524	0.002803	94	94
9528123.027420	0.002703	93	93
9528123.030214	0.002784	93	93
9528123.033097	0.002775	93	93
9528123.035961	0.002796	93	93
9528123.038848	0.004595	93	93
9528123.043535	0.002517	92	92
9528123.046144	0.002789	92	92
9528123.049800	0.002074	92	92
9528123.053688	0.001796	91	91
9528123.057515	0.001548	89	89
9528123.061255	0.001547	89	89
9528123.063750	0.001705	89	89
9528123.066271	0.002045	89	89
9528123.068688	0.002665	89	89
9528123.071441	0.002785	89	89
9528123.074312	0.002779	89	89
9528123.077179	0.002799	89	89
9528123.080074	0.003109	89	89
9528123.083277	0.002564	87	87
9528123.085928	0.002686	86	86
9528123.088702	0.002715	85	85
9528123.091503	0.002802	84	84
9528123.094393	0.002714	83	83
9528123.097192	0.002778	83	83
9528123.100067	0.002719	82	82
9528123.102872	0.002766	81	81
9528123.105724	0.002749	80	80
9528123.108557	0.002801	80	80
9528123.111446	0.002759	80	80
9528123.114290	0.002773	80	80
9528123.117148	0.002778	80	80
9528123.120016	0.002781	80	80
9528123.122883	0.002787	80	80
9528123.125752	0.002799	80	80
9528123.128636	0.002927	80	80
9528123.131648	0.002809	78	78
9528123.134542	0.002780	78	78
9528123.137403	0.002857	78	78
9528123.140345	0.002692	77	77
9528123.143119	0.002812	77	77
9528123.146023	0.002719	76	76
9528123.148822	0.002751	76	76
9528123.151653	0.002783	76	76
9528123.154517	0.002775	76	76
9528123.157373	0.002770	76	76
9528123.160223	0.002836	76	76
9528123.163143	0.002700	75	75
9528123.165924	0.002790	75	75
9528123.168795	0.002731	74	74
9528123.171607	0.002753	74	74
9528123.174438	0.002742	74	74
9528123.177260	0.002781	74	74
9528123.180122	0.002824	73	73
9528123.183033	0.002651	72	72
9528123.185766	0.002750	72	72
9528123.188594	0.002766	72	72
9528123.191440	0.002770	72	72
9528123.194291	0.002828	72	72
9528123.197198	0.002703	71	71
9528123.199979	0.002833	71	71
9528123.202891	0.002635	69	69
9528123.205604	0.002806	69	69
9528123.208490	0.002724	68	68
9528123.211294	0.002644	66	66
9528123.214023	0.002742	66	66
9528123.216842	0.002738	66	66
9528123.219655	0.002813	66	66
9528123.222545	0.002779	65	65
9528123.225402	0.002522	64	64
9528123.228008	0.002613	63	63
9528123.230698	0.002517	62	62
9528123.233289	0.002598	62	62
9528123.235962	0.002590	62	62
9528123.238626	0.002699	62	62
9528123.241402	0.002504	61	61
9528123.243980	0.002621	61	61
9528123.246675	0.002673	60	60
9528123.249423	0.002507	59	59
9528123.252017	0.002654	59	59
9528123.254744	0.002542	58	58
9528123.257359	0.002576	57	57
9528123.260018	0.002611	57	57
9528123.262701	0.002566	56	56
9528123.265339	0.002603	56	56
9528123.268022	0.002620	56	56
9528123.270716	0.002577	55	55
9528123.273366	0.002623	55	55
9528123.276084	0.002641	55	55
9528123.278798	0.002588	54	54
9528123.281457	0.002525	53	53
9528123.284059	0.002586	53	53
9528123.286716	0.002813	53	53
9528123.289599	0.002352	52	52
9528123.292030	0.002634	52	52
9528123.294735	0.002535	51	51
9528123.297340	0.002598	51	51
9528123.300013	0.002588	51	51
9528123.302671	0.002785	51	51
9528123.305525	0.002376	51	51
9528123.307971	0.002610	51	51
9528123.310653	0.002647	51	51
9528123.313371	0.002507	50	50
9528123.315948	0.002654	50	50
9528123.318672	0.002519	49	49
9528123.321259	0.002565	49	49
9528123.323894	0.002590	49	49
9528123.326551	0.002616	49	49
9528123.329236	0.002525	48	48
9528123.331829	0.002569	48	48
9528123.334469	0.002564	48	48
9528123.337101	0.002586	48	48
9528123.339754	0.002617	48	48
9528123.342440	0.002645	47	47
9528123.345155	0.002513	46	46
9528123.347737	0.002614	46	46
9528123.350420	0.002610	46	46
9528123.353099	0.002606	46	46
9528123.355774	0.003081	46	46
9528123.358972	0.002100	46	46
9528123.361146	0.002582	46	46
9528123.363797	0.002608	46	46
9528123.366475	0.002619	46	46
9528123.369163	0.002600	46	46
9528123.371829	0.002600	46	46
9528123.374497	0.002624	46	46
9528123.377191	0.002590	46	46
9528123.379849	0.002673	46	46
9528123.382595	0.002528	45	45
9528123.385192	0.002557	45	45
9528123.387816	0.002686	45	45
9528123.390572	0.002496	43	43
9528123.393136	0.002580	43	43
9528123.395783	0.002609	43	43
9528123.398459	0.002614	43	43
9528123.401140	0.002581	43	43
9528123.403788	0.002604	43	43
9528123.406460	0.002603	43	43
9528123.409131	0.002632	43	43
9528123.411833	0.002514	42	42
9528123.414415	0.002519	42	42
9528123.417010	0.002552	42	42
9528123.419630	0.002543	42	42
9528123.422241	0.002541	42	42
9528123.424848	0.002545	42	42
9528123.427460	0.002531	42	42
9528123.430064	0.002531	42	42
9528123.432663	0.002554	42	42
9528123.435283	0.002537	42	42
9528123.437889	0.002548	42	42
9528123.440502	0.002678	42	42
9528123.443249	0.002401	40	40
9528123.445716	0.002526	40	40
9528123.448308	0.002529	40	40
9528123.450900	0.002555	40	40
9528123.453726	0.002331	40	40
9528123.456124	0.002539	40	40
9528123.458731	0.002564	40	40
9528123.461361	0.002506	39	39
9528123.463932	0.002536	39	39
9528123.466533	0.002558	39	39
9528123.469158	0.002518	39	39
9528123.471739	0.002584	39	39
9528123.474388	0.002479	38	38
9528123.476929	0.002545	38	38
9528123.479537	0.002542	38	38
9528123.482142	0.002532	38	38
9528123.484736	0.002550	38	38
9528123.487355	0.002528	38	38
9528123.489947	0.002535	38	38
9528123.492546	0.002543	38	38
9528123.495155	0.002530	38	38
9528123.497749	0.002523	38	38
9528123.500336	0.002577	38	38
9528123.502978	0.002479	37	37
9528123.505522	0.002541	37	37
9528123.508127	0.002538	37	37
9528123.510729	0.002542	37	37
9528123.513335	0.002525	37	37
9528123.515925	0.002543	37	37
9528123.518533	0.002501	36	36
9528123.521098	0.002516	36	36
9528123.523677	0.002523	36	36
9528123.526264	0.002530	36	36
9528123.528858	0.002503	35	35
9528123.531427	0.002515	35	35
9528123.534011	0.002547	35	35
9528123.536622	0.002483	34	34
9528123.539168	0.002503	34	34
9528123.541732	0.002527	34	34
9528123.544319	0.002522	34	34
9528123.546904	0.002525	34	34
9528123.549491	0.002537	34	34
9528123.552091	0.002523	33	33
9528123.554677	0.002413	32	32
9528123.557154	0.002445	32	32
9528123.559661	0.002530	32	32
9528123.562253	0.002482	32	32
9528123.564797	0.002512	32	32
9528123.567370	0.002502	32	32
9528123.569935	0.002509	32	32
9528123.572502	0.002513	32	32
9528123.575074	0.002503	32	32
9528123.577638	0.002527	32	32
9528123.580224	0.002550	32	32
9528123.582834	0.002491	31	31
9528123.585386	0.002529	31	31
9528123.587977	0.002526	31	31
9528123.590565	0.002540	31	31
9528123.593351	0.002336	31	31
9528123.595748	0.002537	31	31
9528123.598346	0.002538	31	31
9528123.600946	0.002524	31	31
9528123.603530	0.002547	31	31
9528123.606139	0.002514	30	30
9528123.608714	0.002529	30	30
9528123.611305	0.002522	30	30
9528123.613887	0.002521	30	30
9528123.616469	0.002525	30	30
9528123.619061	0.002527	30	30
9528123.621648	0.002576	30	30
9528123.624286	0.002441	29	29
9528123.626787	0.002491	29	29
9528123.629338	0.002509	29	29
9528123.631908	0.002506	28	28
9528123.634475	0.002486	27	27
9528123.637029	0.002512	27	27
9528123.639600	0.002544	27	27
9528123.642200	0.002526	27	27
9528123.644782	0.002545	27	27
9528123.647384	0.002511	26	26
9528123.649953	0.002532	26	26
9528123.652543	0.002532	26	26
9528123.655134	0.002513	26	26
9528123.657706	0.002528	26	26
9528123.660292	0.002529	26	26
9528123.662879	0.002533	26	26
9528123.665470	0.002538	26	26
9528123.668067	0.002525	26	26
9528123.670648	0.002530	26	26
9528123.673234	0.002527	26	26
9528123.675816	0.002533	26	26
9528123.678407	0.002546	26	26
9528123.681018	0.002524	26	26
9528123.683601	0.002552	26	26
9528123.686212	0.002525	24	24
9528123.688794	0.002501	22	22
9528123.691352	0.002233	17	17
9528123.693639	0.002222	14	14
9528123.695913	0.002203	10	10
9528123.698167	0.001905	8	8
9528123.700309	0.001651	4	4
9528123.702011	0.001873	4	4
9528123.703928	0.001903	3	3
9528123.705875	0.001678	1	1
